"name","types","number","percent"
"annotate","BCODE→STR",611787,33.6416390941969
"annotate","BCODE→ENV",206099,11.33320612513
"annotate","LANG→NA",188238,10.3510451510304
"annotate","LGL→LGL",158691,8.72628112316412
"annotate","STR→STR",137073,7.53752596174626
"annotate","BCODE→NA",96995,5.33367133322812
"annotate","BCODE→CLOS",90917,4.9994473591742
"annotate","BCODE→VEC",42914,2.35980382075521
"annotate","SYM→NA",36488,2.00644362706147
"annotate","STR→NA",31678,1.74194587859168
"annotate","LGL→NA",29446,1.6192101250398
"annotate","BCODE→LANG",28546,1.56971990183339
"annotate","LANG→STR",26817,1.4746436841402
"annotate","LANG→ENV",23222,1.27695773699906
"annotate","NIL→NIL",13881,0.763304209253462
"annotate","INT→INT",10765,0.591958058685507
"annotate","BCODE→SYM",9106,0.500731080575032
"annotate","BCODE→NIL",8364,0.459929140998196
"annotate","BCODE→INT",7107,0.390807795919916
"annotate","BCODE→LGL",6580,0.361828520775721
"annotate","PROM→NA",6289,0.345826681938983
"annotate","BCODE→S4",5109,0.280939500401696
"annotate","BCODE→REAL",4903,0.269611738201118
"annotate","BCODE→BUILTIN",4827,0.265432563797022
"annotate","REAL→REAL",4710,0.258998834780189
"annotate","LANG→LANG",3392,0.186523152351253
"annotate","LANG→S4",2896,0.159248540450834
"annotate","LANG→INT",2690,0.147920778250257
"annotate","LANG→CLOS",2287,0.125760156081166
"annotate","SYM→STR",2282,0.125485210396686
"annotate","LANG→SYM",1544,0.0849032273674336
"annotate","SYM→CLOS",1509,0.0829786075760734
"annotate","SYM→ENV",1272,0.0699461821317199
"annotate","CLOS→CLOS",1169,0.0642823010314312
"annotate","SYM→S4",1150,0.0632375074304071
"annotate","NIL→NA",836,0.0459709184450612
"annotate","LANG→VEC",707,0.0388773197854764
"annotate","PROM→STR",704,0.0387123523747884
"annotate","SYM→LGL",667,0.0366777543096361
"annotate","VEC→NA",564,0.0310138732093475
"annotate","ENV→ENV",529,0.0290892534179873
"annotate","LANG→LGL",456,0.0250750464245788
"annotate","BCODE→EXTPTR",443,0.0243601876449307
"annotate","SYM→VEC",436,0.0239752636866587
"annotate","BCODE→BCODE",318,0.01748654553293
"annotate","SYM→INT",290,0.0159468496998418
"annotate","LANG→EXTPTR",247,0.0135823168133135
"annotate","BCODE→SPECIAL",245,0.0134723385395215
"annotate","VEC→VEC",222,0.0122075883909134
"annotate","LANG→NIL",159,0.00874327276646499
"annotate","SYM→REAL",146,0.0080284139868169
"annotate","BCODE→LIST",145,0.0079734248499209
"annotate","LANG→REAL",111,0.00610379419545669
"annotate","BCODE→EXPR",84,0.00461908749926452
"annotate","PROM→LANG",78,0.00428915267788848
"annotate","PROM→EXTPTR",66,0.00362928303513641
"annotate","PROM→S4",63,0.00346431562444839
"annotate","PROM→VEC",51,0.00280444598169632
"annotate","PROM→ENV",46,0.00252950029721629
"annotate","PROM→REAL",40,0.00219956547584025
"annotate","PROM→CLOS",39,0.00214457633894424
"annotate","PROM→INT",28,0.00153969583308817
"annotate","SYM→NIL",17,0.000934815327232105
"annotate","SYM→BUILTIN",16,0.000879826190336099
"annotate","PROM→NIL",14,0.000769847916544087
"annotate","INT→NA",5,0.000274945684480031
"annotate","BCODE→RAW",4,0.000219956547584025
"annotate","PROM→LGL",4,0.000219956547584025
"annotate","S4→NA",4,0.000219956547584025
"annotate","SYM→LANG",4,0.000219956547584025
"annotate","SYM→SYM",3,0.000164967410688019
"annotate","LANG→BUILTIN",2,0.000109978273792012
"annotate","PROM→RAW",2,0.000109978273792012
"annotate","LANG→EXPR",1,5.49891368960062e-05
"annotate","SYM→EXTPTR",1,5.49891368960062e-05
"annotate","SYM→RAW",1,5.49891368960062e-05
"Biobase","BCODE→STR",237783,27.7492122768118
"Biobase","LGL→LGL",79764,9.308437390594
"Biobase","BCODE→ENV",72425,8.45197806045046
"Biobase","LANG→NA",69432,8.10269576379974
"Biobase","BCODE→NA",49525,5.77955420702532
"Biobase","STR→STR",48057,5.6082390010503
"Biobase","BCODE→VEC",36577,4.26852608239001
"Biobase","BCODE→CLOS",35457,4.13782238300852
"Biobase","LGL→NA",26399,3.08075621426071
"Biobase","SYM→NA",26396,3.08040611506594
"Biobase","BCODE→LANG",25824,3.0136538685961
"Biobase","STR→NA",22215,2.59248453728556
"Biobase","LANG→ENV",18815,2.19570544987747
"Biobase","BCODE→INT",10677,1.24600303419302
"Biobase","BCODE→REAL",9649,1.12603571011787
"Biobase","BCODE→SYM",8451,0.986229431672307
"Biobase","INT→INT",6603,0.770568327692846
"Biobase","LANG→STR",6471,0.755163963122885
"Biobase","NIL→NIL",6221,0.725989030225231
"Biobase","BCODE→S4",6142,0.716769751429572
"Biobase","BCODE→LGL",5920,0.690862411016455
"Biobase","PROM→NA",5376,0.627377757031159
"Biobase","BCODE→NIL",5151,0.60112031742327
"Biobase","REAL→REAL",5128,0.598436223596686
"Biobase","SYM→STR",2445,0.285330843739059
"Biobase","SYM→S4",2161,0.252188119967324
"Biobase","LANG→LANG",2155,0.25148792157778
"Biobase","VEC→NA",1878,0.219162095927179
"Biobase","LANG→REAL",1742,0.203290932430855
"Biobase","SYM→VEC",1687,0.196872447193371
"Biobase","BCODE→BUILTIN",1670,0.194888551756331
"Biobase","LANG→SYM",1487,0.173532500875248
"Biobase","LANG→INT",1396,0.162912825300502
"Biobase","SYM→CLOS",1260,0.147041661804178
"Biobase","CLOS→CLOS",1181,0.137822383008519
"Biobase","LANG→S4",1125,0.131287198039444
"Biobase","SYM→ENV",1105,0.128953203407632
"Biobase","PROM→INT",1034,0.120667522464698
"Biobase","VEC→VEC",1024,0.119500525148792
"Biobase","LANG→VEC",1002,0.116933131053799
"Biobase","SYM→INT",943,0.110047846889952
"Biobase","LANG→CLOS",881,0.102812463531334
"Biobase","NIL→NA",632,0.0737542303652702
"Biobase","ENV→ENV",621,0.0724705333177734
"Biobase","SYM→REAL",620,0.0723538335861827
"Biobase","LANG→LGL",617,0.0720037343914109
"Biobase","PROM→VEC",601,0.070136538685961
"Biobase","REAL→NA",430,0.0501808845839655
"Biobase","PROM→STR",428,0.0499474851207842
"Biobase","INT→NA",398,0.0464464931730657
"Biobase","SYM→LGL",335,0.0390944100828568
"Biobase","BCODE→BCODE",283,0.0330260240401447
"Biobase","BCODE→LIST",247,0.0288248337028825
"Biobase","LANG→NIL",228,0.0266075388026608
"Biobase","BCODE→SPECIAL",227,0.0264908390710701
"Biobase","PROM→CLOS",199,0.0232232465865328
"Biobase","SYM→NIL",134,0.0156377640331427
"Biobase","PROM→S4",38,0.00443458980044346
"Biobase","SYM→LANG",38,0.00443458980044346
"Biobase","PROM→LGL",37,0.00431789006885284
"Biobase","SYM→SYM",37,0.00431789006885284
"Biobase","BCODE→EXTPTR",26,0.00303419302135605
"Biobase","PROM→LANG",20,0.00233399463181235
"Biobase","PROM→NIL",13,0.00151709651067803
"Biobase","S4→S4",13,0.00151709651067803
"Biobase","PROM→REAL",12,0.00140039677908741
"Biobase","PROM→EXTPTR",8,0.000933597852724939
"Biobase","SYM→BUILTIN",6,0.000700198389543704
"Biobase","LANG→EXTPTR",4,0.000466798926362469
"Biobase","BCODE→EXPR",3,0.000350099194771852
"Biobase","LANG→BUILTIN",3,0.000350099194771852
"Biobase","PROM→ENV",3,0.000350099194771852
"Biobase","SYM→EXTPTR",2,0.000233399463181235
"Biobase","PROM→BUILTIN",1,0.000116699731590617
"Biobase","PROM→SPECIAL",1,0.000116699731590617
"Biobase","SYM→SPECIAL",1,0.000116699731590617
"Biostrings","BCODE→STR",455733,34.8585489429989
"Biostrings","BCODE→ENV",154096,11.7866447194308
"Biostrings","LANG→NA",149940,11.4687565493683
"Biostrings","LGL→LGL",116425,8.90522863318795
"Biostrings","STR→STR",103670,7.92961178786854
"Biostrings","BCODE→CLOS",69795,5.33854784155768
"Biostrings","BCODE→NA",66689,5.10097309270922
"Biostrings","BCODE→VEC",22669,1.73392851952534
"Biostrings","SYM→NA",22634,1.73125140548487
"Biostrings","STR→NA",21004,1.60657438017161
"Biostrings","LGL→NA",18647,1.42628987178918
"Biostrings","BCODE→LANG",12673,0.969344749567455
"Biostrings","LANG→ENV",12223,0.934924711904285
"Biostrings","NIL→NIL",11106,0.849486529527038
"Biostrings","LANG→STR",8898,0.68059887805975
"Biostrings","INT→INT",7090,0.542306815626391
"Biostrings","BCODE→NIL",5598,0.428185268529836
"Biostrings","BCODE→LGL",4882,0.373419164159103
"Biostrings","BCODE→SYM",4671,0.357279990943706
"Biostrings","PROM→NA",4437,0.339381571358857
"Biostrings","BCODE→INT",4233,0.323777820951553
"Biostrings","BCODE→BUILTIN",3638,0.278266882263584
"Biostrings","BCODE→S4",3287,0.251419252886311
"Biostrings","BCODE→REAL",2385,0.182426199614802
"Biostrings","LANG→S4",2367,0.181049398108275
"Biostrings","LANG→INT",2315,0.177071971533864
"Biostrings","REAL→REAL",2122,0.162309599824993
"Biostrings","LANG→LANG",1937,0.148159139896801
"Biostrings","LANG→CLOS",1667,0.127507117298899
"Biostrings","SYM→S4",1626,0.124371069422921
"Biostrings","SYM→CLOS",1239,0.094769837032595
"Biostrings","SYM→STR",992,0.0758770608041439
"Biostrings","CLOS→CLOS",951,0.0727410129281661
"Biostrings","SYM→LGL",889,0.0679986966279072
"Biostrings","LANG→SYM",784,0.0599673545065008
"Biostrings","SYM→INT",557,0.0426043577297461
"Biostrings","SYM→ENV",439,0.0335786589647371
"Biostrings","LANG→LGL",385,0.0294482544451566
"Biostrings","ENV→ENV",319,0.0243999822545584
"Biostrings","NIL→NA",292,0.0223347799947682
"Biostrings","LANG→VEC",254,0.0194281990365449
"Biostrings","LANG→NIL",221,0.0169040629412458
"Biostrings","VEC→NA",204,0.0156037504073038
"Biostrings","SYM→NIL",191,0.0146093937637011
"Biostrings","SYM→VEC",146,0.0111673899973841
"Biostrings","BCODE→SPECIAL",144,0.0110144120522144
"Biostrings","VEC→VEC",141,0.01078494513446
"Biostrings","BCODE→LIST",140,0.0107084561618751
"Biostrings","BCODE→BCODE",119,0.00910218773759387
"Biostrings","SYM→REAL",89,0.0068075185600492
"Biostrings","PROM→LANG",74,0.00566018397127686
"Biostrings","PROM→STR",74,0.00566018397127686
"Biostrings","PROM→NIL",48,0.00367147068407148
"Biostrings","PROM→INT",34,0.00260062506788396
"Biostrings","PROM→CLOS",29,0.00221818020495985
"Biostrings","LANG→REAL",28,0.00214169123237503
"Biostrings","PROM→LGL",28,0.00214169123237503
"Biostrings","SYM→SPECIAL",20,0.00152977945169645
"Biostrings","SYM→EXTPTR",19,0.00145329047911163
"Biostrings","PROM→S4",17,0.00130031253394198
"Biostrings","S4→S4",10,0.000764889725848224
"Biostrings","INT→NA",9,0.000688400753263402
"Biostrings","BCODE→EXPR",8,0.00061191178067858
"Biostrings","LANG→EXTPTR",8,0.00061191178067858
"Biostrings","BCODE→RAW",4,0.00030595589033929
"Biostrings","PROM→VEC",4,0.00030595589033929
"Biostrings","SYM→RAW",3,0.000229466917754467
"Biostrings","PROM→RAW",2,0.000152977945169645
"Biostrings","SYM→LANG",2,0.000152977945169645
"Biostrings","LANG→BUILTIN",1,7.64889725848224e-05
"Biostrings","LANG→RAW",1,7.64889725848224e-05
"Biostrings","S4→NA",1,7.64889725848224e-05
"Biostrings","SYM→SYM",1,7.64889725848224e-05
"caschrono","BCODE→STR",319141,36.6046574044656
"caschrono","LANG→NA",103937,11.9213083766985
"caschrono","BCODE→ENV",94829,10.8766440445072
"caschrono","LGL→LGL",75362,8.64382887599944
"caschrono","STR→STR",62845,7.2081609526311
"caschrono","BCODE→CLOS",48751,5.59161515795559
"caschrono","BCODE→NA",41939,4.81029616027362
"caschrono","BCODE→VEC",15676,1.79799715320941
"caschrono","SYM→NA",14401,1.65175791039606
"caschrono","LGL→NA",12368,1.41857800401212
"caschrono","STR→NA",9722,1.11508856363242
"caschrono","LANG→STR",7053,0.80896108200982
"caschrono","NIL→NIL",6673,0.765376052779176
"caschrono","REAL→REAL",5867,0.672929911832074
"caschrono","BCODE→REAL",5692,0.652857858896909
"caschrono","LANG→ENV",5552,0.636800216548777
"caschrono","BCODE→LGL",4947,0.567408262115778
"caschrono","BCODE→INT",4228,0.484940798913586
"caschrono","INT→INT",4204,0.482188060225335
"caschrono","LANG→S4",4014,0.460395545610013
"caschrono","PROM→NA",3738,0.428739050695124
"caschrono","BCODE→BUILTIN",3250,0.37276669736735
"caschrono","BCODE→LANG",3025,0.346959772164995
"caschrono","BCODE→NIL",2495,0.286170126132781
"caschrono","BCODE→S4",1974,0.226412757108661
"caschrono","LANG→VEC",1555,0.178354527509609
"caschrono","LANG→INT",1066,0.122267476736491
"caschrono","LANG→CLOS",826,0.0947400898539787
"caschrono","BCODE→SYM",746,0.0855642942264747
"caschrono","PROM→LGL",693,0.0794853296232533
"caschrono","SYM→STR",633,0.0726034829026253
"caschrono","LANG→LANG",579,0.0664098208540601
"caschrono","NIL→NA",572,0.0656069387366535
"caschrono","VEC→NA",531,0.0609043434775577
"caschrono","SYM→CLOS",428,0.0490905066071463
"caschrono","CLOS→CLOS",426,0.0488611117164587
"caschrono","SYM→INT",292,0.0334916540403896
"caschrono","LANG→SYM",190,0.021792514615322
"caschrono","LANG→LGL",185,0.021219027388603
"caschrono","LANG→REAL",163,0.0186956835910394
"caschrono","SYM→ENV",155,0.017778104028289
"caschrono","BCODE→SPECIAL",154,0.0176634065829452
"caschrono","PROM→STR",143,0.0164017346841634
"caschrono","SYM→VEC",124,0.0142224832226312
"caschrono","REAL→NA",101,0.0115844419797238
"caschrono","VEC→VEC",95,0.010896257307661
"caschrono","ENV→ENV",94,0.0107815598623172
"caschrono","SYM→REAL",92,0.0105521649716296
"caschrono","BCODE→EXPR",62,0.00711124161131559
"caschrono","BCODE→LIST",55,0.00630835949390899
"caschrono","LANG→NIL",43,0.00493199014978339
"caschrono","SYM→SYM",43,0.00493199014978339
"caschrono","PROM→LANG",41,0.00470259525909579
"caschrono","SYM→LGL",25,0.002867436133595
"caschrono","PROM→INT",21,0.0024086463522198
"caschrono","BCODE→BCODE",14,0.0016057642348132
"caschrono","PROM→REAL",11,0.0012616718987818
"caschrono","SYM→LANG",11,0.0012616718987818
"caschrono","PROM→CLOS",5,0.000573487226718999
"caschrono","LANG→BUILTIN",2,0.0002293948906876
"colorspace","BCODE→STR",379198,22.2928086500316
"colorspace","BCODE→ENV",168626,9.91341502703135
"colorspace","BCODE→VEC",129161,7.5932928392205
"colorspace","LGL→LGL",117941,6.93367619289495
"colorspace","BCODE→NA",108884,6.40122093747869
"colorspace","BCODE→LANG",103439,6.08111285911482
"colorspace","SYM→NA",97988,5.76065204457645
"colorspace","STR→STR",89975,5.28957288352416
"colorspace","STR→NA",89318,5.2509482724158
"colorspace","LANG→ENV",69928,4.1110225351384
"colorspace","LANG→NA",49924,2.9350001293366
"colorspace","BCODE→CLOS",41333,2.42994071680694
"colorspace","BCODE→SYM",37432,2.20060341401585
"colorspace","LGL→NA",36711,2.15821628371276
"colorspace","BCODE→REAL",30719,1.80595042410646
"colorspace","BCODE→INT",16441,0.966555907507872
"colorspace","BCODE→NIL",16073,0.944921422138193
"colorspace","PROM→NA",13148,0.772962537066693
"colorspace","INT→INT",11721,0.689070116896768
"colorspace","REAL→REAL",11655,0.685190018977206
"colorspace","NIL→NIL",9538,0.560732938739133
"colorspace","LANG→REAL",8511,0.500356263536251
"colorspace","LANG→LANG",7876,0.46302501840107
"colorspace","BCODE→LGL",7337,0.43133755205798
"colorspace","LANG→INT",6540,0.384482430211148
"colorspace","BCODE→BUILTIN",6292,0.369902668331581
"colorspace","SYM→INT",5748,0.337921255176403
"colorspace","LANG→SYM",5597,0.329044061451345
"colorspace","LANG→STR",4853,0.285304775812645
"colorspace","VEC→NA",2438,0.143328465574125
"colorspace","LANG→CLOS",1583,0.0930635607070714
"colorspace","SYM→STR",1487,0.0874197819149812
"colorspace","REAL→NA",1425,0.0837748414450896
"colorspace","LANG→S4",1343,0.0789541137268458
"colorspace","ENV→ENV",1215,0.0714290753373922
"colorspace","BCODE→BCODE",1190,0.069959341276952
"colorspace","BCODE→S4",1041,0.0611997262767286
"colorspace","SYM→VEC",892,0.0524401112765052
"colorspace","SYM→ENV",875,0.0514406921154059
"colorspace","LANG→VEC",828,0.0486775920817784
"colorspace","NIL→NA",818,0.0480896984576023
"colorspace","INT→NA",680,0.0399767664439726
"colorspace","LANG→LGL",642,0.0377427706721035
"colorspace","LANG→NIL",474,0.0278661577859456
"colorspace","SYM→REAL",330,0.0194004895978102
"colorspace","SYM→LGL",324,0.0190477534233046
"colorspace","SYM→CLOS",313,0.0184010704367109
"colorspace","VEC→VEC",224,0.0131688171815439
"colorspace","PROM→STR",206,0.012110608658027
"colorspace","CLOS→CLOS",156,0.00917114053714665
"colorspace","SYM→S4",126,0.00740745966461845
"colorspace","BCODE→LIST",125,0.00734867030220084
"colorspace","PROM→REAL",95,0.00558498942967264
"colorspace","BCODE→SPECIAL",55,0.00323341493296837
"colorspace","PROM→INT",32,0.00188125959736341
"colorspace","PROM→NIL",31,0.00182247023494581
"colorspace","SYM→SYM",31,0.00182247023494581
"colorspace","SYM→NIL",26,0.00152852342285777
"colorspace","PROM→LGL",21,0.00123457661076974
"colorspace","PROM→VEC",13,0.000764261711428887
"colorspace","BCODE→EXPR",10,0.000587893624176067
"colorspace","PROM→LANG",8,0.000470314899340854
"colorspace","SYM→LANG",8,0.000470314899340854
"colorspace","PROM→CLOS",6,0.00035273617450564
"colorspace","SYM→BUILTIN",5,0.000293946812088034
"colorspace","LANG→BUILTIN",3,0.00017636808725282
"colorspace","BCODE→CPLX",2,0.000117578724835213
"copula","BCODE→STR",369123,23.9859874937537
"copula","BCODE→ENV",174429,11.3345736043215
"copula","LGL→LGL",129223,8.39704180423689
"copula","BCODE→CLOS",115086,7.47840518392552
"copula","BCODE→LGL",97669,6.34663083180249
"copula","STR→STR",84106,5.46529331455815
"copula","LANG→NA",82989,5.39270951991376
"copula","INT→INT",59282,3.85220457843241
"copula","BCODE→NA",52532,3.41358272180782
"copula","BCODE→REAL",43619,2.83440692801598
"copula","REAL→REAL",40961,2.66168738802959
"copula","LANG→REAL",38235,2.48454913896905
"copula","LANG→INT",38189,2.48156001224242
"copula","NIL→NIL",34934,2.27004680582568
"copula","BCODE→VEC",27901,1.81303532173076
"copula","LANG→ENV",23130,1.50301089536692
"copula","LANG→CLOS",19145,1.24406154741892
"copula","LANG→LANG",19096,1.24087747764491
"copula","BCODE→INT",16129,1.04807880377748
"copula","REAL→NA",13424,0.87230515604866
"copula","LGL→NA",11120,0.722588895654135
"copula","SYM→NA",10718,0.696466527304048
"copula","STR→NA",8627,0.56059122327412
"copula","LANG→STR",5172,0.336081813698128
"copula","LANG→S4",4092,0.265902316638194
"copula","PROM→NA",3242,0.210668453211394
"copula","BCODE→LANG",3111,0.202155940142087
"copula","BCODE→BUILTIN",3035,0.197217382941574
"copula","BCODE→S4",2171,0.141073785293626
"copula","BCODE→NIL",1893,0.123009062902273
"copula","BCODE→SYM",830,0.0539342431108752
"copula","PROM→STR",815,0.0529595278739316
"copula","LANG→VEC",711,0.0462015022311232
"copula","CLOS→CLOS",493,0.0320356407875439
"copula","SYM→CLOS",476,0.0309309635190079
"copula","SYM→STR",445,0.0289165520293246
"copula","PROM→REAL",356,0.0231332416234597
"copula","NIL→NA",311,0.0202090959126291
"copula","LANG→SYM",202,0.0131261651908395
"copula","LANG→LGL",201,0.0130611841750433
"copula","SYM→REAL",168,0.0109168106537675
"copula","PROM→INT",138,0.00896738017988045
"copula","PROM→LGL",132,0.00857749408510304
"copula","VEC→NA",131,0.0085125130693068
"copula","LANG→NIL",122,0.00792768392714069
"copula","SYM→INT",111,0.0072128927533821
"copula","SYM→ENV",106,0.00688798767440092
"copula","ENV→ENV",105,0.00682300665860469
"copula","SYM→VEC",81,0.00526346227949505
"copula","VEC→VEC",74,0.0048085951689214
"copula","BCODE→LIST",70,0.00454867110573646
"copula","SYM→SYM",70,0.00454867110573646
"copula","BCODE→EXPR",67,0.00435372805834775
"copula","SYM→LGL",62,0.00402882297936658
"copula","BCODE→SPECIAL",47,0.00305410774242305
"copula","PROM→LANG",47,0.00305410774242305
"copula","PROM→NIL",47,0.00305410774242305
"copula","SYM→LANG",39,0.00253425961605317
"copula","INT→NA",36,0.00233931656866446
"copula","PROM→CLOS",15,0.000974715236943527
"copula","SYM→S4",8,0.000519848126369881
"copula","BCODE→BCODE",7,0.000454867110573646
"copula","LANG→BUILTIN",1,6.49810157962351e-05
"copula","PROM→EXPR",1,6.49810157962351e-05
"copula","PROM→SYM",1,6.49810157962351e-05
"copula","PROM→VEC",1,6.49810157962351e-05
"copula","SYM→EXPR",1,6.49810157962351e-05
"dplyr","BCODE→STR",145011,12.4433868844638
"dplyr","BCODE→ENV",107007,9.18226548569291
"dplyr","LGL→LGL",83926,7.20168599392809
"dplyr","BCODE→CLOS",66392,5.69709430342056
"dplyr","BCODE→VEC",50481,4.33177216428144
"dplyr","NIL→NIL",49569,4.25351348846628
"dplyr","BCODE→NA",43988,3.77460814885624
"dplyr","SYM→STR",40553,3.47985096527615
"dplyr","LANG→ENV",37284,3.19933823365363
"dplyr","BCODE→LGL",35195,3.02008124486213
"dplyr","SYM→VEC",33901,2.90904316755423
"dplyr","LANG→NA",31551,2.70738978140773
"dplyr","SYM→ENV",31513,2.70412900324876
"dplyr","STR→STR",28678,2.46085779059969
"dplyr","REAL→REAL",27610,2.36921276234247
"dplyr","BCODE→LANG",27609,2.36912695239092
"dplyr","SYM→NA",27421,2.3529946814992
"dplyr","INT→INT",22832,1.95921281382845
"dplyr","BCODE→INT",21696,1.86173270886571
"dplyr","SYM→NIL",20523,1.76107763569557
"dplyr","LANG→STR",20367,1.7476912832535
"dplyr","STR→NA",17926,1.5382291915158
"dplyr","CLOS→CLOS",15402,1.3216448737993
"dplyr","BCODE→SYM",14875,1.27642302933156
"dplyr","BCODE→REAL",14514,1.24544563682139
"dplyr","LGL→NA",14455,1.24038284967984
"dplyr","LANG→INT",13846,1.18812458918486
"dplyr","SYM→LANG",12536,1.07571355265213
"dplyr","PROM→VEC",10670,0.915592183056653
"dplyr","LANG→SYM",9601,0.823861344847885
"dplyr","LANG→LANG",9270,0.795458250884272
"dplyr","LANG→LGL",9142,0.784474577085654
"dplyr","LANG→CLOS",8176,0.70158216388671
"dplyr","ENV→ENV",7817,0.670776391279649
"dplyr","SYM→CLOS",7505,0.644003686395519
"dplyr","LANG→VEC",6899,0.592002855755188
"dplyr","SYM→LGL",6218,0.533566278748479
"dplyr","NIL→NA",6089,0.52249679499831
"dplyr","SYM→SYM",5373,0.461056869687291
"dplyr","BCODE→NIL",4716,0.404679731517824
"dplyr","LANG→REAL",4247,0.364434864240076
"dplyr","INT→NA",4090,0.350962701846459
"dplyr","PROM→NA",3152,0.270472967290963
"dplyr","SYM→INT",1693,0.14527624797703
"dplyr","BCODE→BUILTIN",892,0.0765424767841176
"dplyr","VEC→NA",783,0.0671891920649822
"dplyr","SYM→REAL",476,0.0408455369386098
"dplyr","SYM→LIST",368,0.0315780621710261
"dplyr","LANG→NIL",340,0.0291753835275785
"dplyr","BCODE→BCODE",291,0.0249706959015451
"dplyr","LANG→LIST",178,0.0152741713762028
"dplyr","VEC→VEC",156,0.0133863524420654
"dplyr","BCODE→LIST",93,0.00798032549430823
"dplyr","BCODE→SPECIAL",73,0.0062641264632742
"dplyr","PROM→ENV",71,0.0060925065601708
"dplyr","REAL→NA",68,0.00583507670551569
"dplyr","BCODE→S4",49,0.00420468762603337
"dplyr","PROM→INT",46,0.00394725777137826
"dplyr","PROM→STR",44,0.00377563786827486
"dplyr","PROM→LGL",35,0.00300334830430955
"dplyr","PROM→CLOS",21,0.00180200898258573
"dplyr","BCODE→EXPR",15,0.00128714927327552
"dplyr","LANG→S4",15,0.00128714927327552
"dplyr","PROM→REAL",11,0.000943909467068715
"dplyr","LANG→BUILTIN",5,0.000429049757758507
"dplyr","PROM→LANG",4,0.000343239806206805
"dplyr","PROM→NIL",4,0.000343239806206805
"dplyr","SYM→SPECIAL",3,0.000257429854655104
"dplyr","ENV→NA",2,0.000171619903103403
"dplyr","PROM→SYM",2,0.000171619903103403
"dplyr","CLOS→NA",1,8.58099515517014e-05
"dplyr","SYM→BUILTIN",1,8.58099515517014e-05
"ggplot2","BCODE→STR",46704,17.56053541886
"ggplot2","LGL→LGL",26149,9.83192961347571
"ggplot2","BCODE→ENV",25386,9.54504436757407
"ggplot2","STR→STR",18349,6.89915776808543
"ggplot2","BCODE→VEC",14260,5.36170852759814
"ggplot2","BCODE→LANG",12804,4.81425778312528
"ggplot2","SYM→NA",12521,4.70785080463228
"ggplot2","BCODE→NA",12248,4.60520379004362
"ggplot2","STR→NA",10455,3.93104226199428
"ggplot2","LANG→ENV",8988,3.37945555722665
"ggplot2","LANG→NA",8866,3.33358399759362
"ggplot2","SYM→STR",6235,2.34433749436005
"ggplot2","LGL→NA",5637,2.11949165288013
"ggplot2","SYM→ENV",5554,2.08828395247406
"ggplot2","BCODE→SYM",4925,1.85178222289066
"ggplot2","BCODE→CLOS",4791,1.80139870657242
"ggplot2","NIL→NIL",4095,1.5397052188299
"ggplot2","LANG→STR",3647,1.37125883591518
"ggplot2","BCODE→INT",3362,1.2640998646413
"ggplot2","PROM→NA",3339,1.2554519476613
"ggplot2","BCODE→REAL",2865,1.07722965859528
"ggplot2","BCODE→NIL",2584,0.97157467288314
"ggplot2","INT→INT",2466,0.927207098811851
"ggplot2","REAL→REAL",2362,0.888103474206648
"ggplot2","SYM→CLOS",2185,0.821552113099714
"ggplot2","LANG→SYM",1979,0.744096856670176
"ggplot2","BCODE→LGL",1712,0.643705820424124
"ggplot2","SYM→SYM",1390,0.522634982704166
"ggplot2","LANG→CLOS",1352,0.508347119867649
"ggplot2","SYM→VEC",1330,0.500075199278087
"ggplot2","LANG→VEC",1314,0.494059257031133
"ggplot2","LANG→LANG",1132,0.425627913972026
"ggplot2","BCODE→BUILTIN",867,0.325988870506843
"ggplot2","VEC→NA",745,0.280117310873816
"ggplot2","LANG→NIL",487,0.183110242141675
"ggplot2","LANG→REAL",473,0.17784629267559
"ggplot2","LANG→INT",445,0.16731839374342
"ggplot2","LANG→LGL",353,0.132726725823432
"ggplot2","SYM→LGL",272,0.102271018198225
"ggplot2","BCODE→BCODE",185,0.0695593322304106
"ggplot2","SYM→REAL",174,0.0654233719356294
"ggplot2","SYM→NIL",152,0.0571514513460671
"ggplot2","NIL→NA",130,0.0488795307565047
"ggplot2","PROM→NIL",86,0.0323356895773801
"ggplot2","INT→NA",84,0.0315836967965108
"ggplot2","PROM→VEC",68,0.0255677545495563
"ggplot2","SYM→LANG",64,0.0240637689878177
"ggplot2","SYM→INT",61,0.0229357798165138
"ggplot2","PROM→STR",57,0.0214317942547752
"ggplot2","VEC→VEC",53,0.0199278086930365
"ggplot2","BCODE→S4",48,0.0180478267408633
"ggplot2","BCODE→SPECIAL",47,0.0176718303504286
"ggplot2","BCODE→LIST",28,0.0105278989321703
"ggplot2","ENV→NA",23,0.00864791697999699
"ggplot2","CLOS→CLOS",18,0.00676793502782373
"ggplot2","LANG→S4",15,0.00563994585651978
"ggplot2","REAL→NA",14,0.00526394946608513
"ggplot2","BCODE→EXPR",9,0.00338396751391187
"ggplot2","LANG→DOT",4,0.00150398556173861
"ggplot2","PROM→LANG",4,0.00150398556173861
"ggplot2","SYM→DOT",4,0.00150398556173861
"ggplot2","ENV→ENV",2,0.000751992780869304
"ggplot2","LANG→BUILTIN",1,0.000375996390434652
"ggplot2","SYM→BUILTIN",1,0.000375996390434652
"grid","BCODE→VEC",314211,18.5764285080848
"grid","BCODE→STR",272889,16.1334358095125
"grid","SYM→NA",246155,14.5528984007804
"grid","STR→NA",205194,12.1312483372255
"grid","BCODE→NIL",83024,4.90845132874161
"grid","BCODE→REAL",82575,4.8819060569334
"grid","LGL→LGL",77235,4.56620059712081
"grid","PROM→NA",39501,2.33533358952378
"grid","BCODE→NA",36156,2.13757427059623
"grid","VEC→NA",36075,2.13278547991368
"grid","BCODE→BUILTIN",35791,2.11599515208844
"grid","LGL→NA",32716,1.9341984687694
"grid","LANG→NA",29367,1.73620266635136
"grid","BCODE→ENV",25783,1.52431345886665
"grid","SYM→VEC",24806,1.46655236631293
"grid","BCODE→INT",24111,1.42546335983919
"grid","STR→STR",24034,1.42091105264714
"grid","NIL→NIL",23754,1.40435720831239
"grid","BCODE→LGL",15020,0.887995506813681
"grid","BCODE→CLOS",10366,0.612846965621213
"grid","LANG→VEC",5277,0.31198084483727
"grid","REAL→NA",5184,0.30648260368323
"grid","INT→INT",5030,0.297377989299122
"grid","REAL→REAL",4812,0.284489639067073
"grid","LANG→REAL",4720,0.279050518785657
"grid","SYM→LGL",4685,0.276981288243814
"grid","ENV→ENV",4570,0.270182387892045
"grid","BCODE→LANG",3142,0.185757781784859
"grid","LANG→ENV",2984,0.176416683910255
"grid","LANG→INT",2949,0.174347453368412
"grid","VEC→VEC",2148,0.126991634396524
"grid","LANG→NIL",1136,0.0671613113009548
"grid","BCODE→LIST",994,0.0587661473883355
"grid","BCODE→SYM",843,0.0498388956220994
"grid","LANG→STR",792,0.0468237311182713
"grid","LANG→CLOS",610,0.0360637323006888
"grid","LANG→LANG",554,0.0327529634337403
"grid","INT→NA",417,0.0246534038842413
"grid","LANG→LGL",332,0.0196281297111945
"grid","SYM→NIL",331,0.0195690088385705
"grid","LANG→SYM",216,0.0127701084868013
"grid","SYM→BUILTIN",209,0.0123562623784327
"grid","NIL→NA",190,0.0112329657985752
"grid","PROM→REAL",171,0.0101096692187177
"grid","SYM→INT",171,0.0101096692187177
"grid","SYM→REAL",53,0.00313340624907624
"grid","SYM→STR",43,0.00254219752283544
"grid","PROM→VEC",37,0.00218747228709096
"grid","PROM→STR",24,0.00141890094297792
"grid","SYM→ENV",18,0.00106417570723344
"grid","BCODE→SPECIAL",8,0.000472966980992639
"grid","SYM→SYM",8,0.000472966980992639
"grid","BCODE→BCODE",6,0.00035472523574448
"grid","PROM→NIL",6,0.00035472523574448
"grid","SYM→LANG",6,0.00035472523574448
"grid","CLOS→CLOS",3,0.00017736261787224
"grid","PROM→INT",3,0.00017736261787224
"grid","PROM→LGL",3,0.00017736261787224
"grid","BCODE→EXPR",2,0.00011824174524816
"lmtest","BCODE→STR",27370,21.7595242638173
"lmtest","BCODE→ENV",14821,11.7828976658399
"lmtest","LGL→LGL",10074,8.00896775424537
"lmtest","STR→STR",8776,6.97704000508809
"lmtest","BCODE→VEC",6964,5.53647522737391
"lmtest","SYM→NA",5582,4.43776632958087
"lmtest","LANG→NA",5435,4.3208993194683
"lmtest","BCODE→NA",5325,4.23344781530242
"lmtest","STR→NA",5323,4.23185778795395
"lmtest","BCODE→LANG",5050,4.01481905488774
"lmtest","BCODE→REAL",3903,3.10293837053997
"lmtest","LANG→ENV",3228,2.56630414043122
"lmtest","LGL→NA",2659,2.11394135979139
"lmtest","BCODE→CLOS",2496,1.98435413089105
"lmtest","BCODE→SYM",1950,1.55027666475863
"lmtest","NIL→NIL",1884,1.49780576225911
"lmtest","BCODE→INT",1607,1.27758697449596
"lmtest","INT→INT",1583,1.25850664631432
"lmtest","REAL→REAL",1247,0.99138205177129
"lmtest","BCODE→LGL",1141,0.90711060230236
"lmtest","LANG→STR",1086,0.863384850219424
"lmtest","BCODE→NIL",1060,0.842714494689309
"lmtest","LANG→REAL",969,0.770368250333906
"lmtest","PROM→NA",806,0.640781021433569
"lmtest","NIL→NA",562,0.446797684920181
"lmtest","BCODE→BUILTIN",483,0.3839916046556
"lmtest","LANG→INT",462,0.367296317496661
"lmtest","SYM→REAL",456,0.36252623545125
"lmtest","LANG→SYM",425,0.337880811549959
"lmtest","LANG→LANG",421,0.334700756853018
"lmtest","SYM→INT",341,0.271099662914202
"lmtest","REAL→NA",320,0.254404375755263
"lmtest","VEC→NA",260,0.206703555301151
"lmtest","LANG→VEC",241,0.191598295490682
"lmtest","LANG→CLOS",235,0.186828213445271
"lmtest","SYM→STR",216,0.171722953634803
"lmtest","LANG→LGL",214,0.170132926286332
"lmtest","PROM→INT",153,0.121637092157985
"lmtest","SYM→SYM",138,0.109711887044457
"lmtest","PROM→STR",117,0.093016599885518
"lmtest","BCODE→BCODE",64,0.0508808751510526
"lmtest","SYM→ENV",60,0.0477008204541118
"lmtest","VEC→VEC",60,0.0477008204541118
"lmtest","SYM→LANG",50,0.0397506837117598
"lmtest","SYM→VEC",40,0.0318005469694079
"lmtest","SYM→LGL",27,0.0214653692043503
"lmtest","PROM→REAL",21,0.0166952871589391
"lmtest","BCODE→SPECIAL",18,0.0143102461362335
"lmtest","LANG→NIL",16,0.0127202187877632
"lmtest","PROM→NIL",8,0.00636010939388158
"lmtest","PROM→CLOS",7,0.00556509571964638
"lmtest","BCODE→EXPR",6,0.00477008204541118
"lmtest","BCODE→LIST",6,0.00477008204541118
"lmtest","PROM→LGL",6,0.00477008204541118
"lmtest","SYM→CLOS",4,0.00318005469694079
"lmtest","INT→NA",3,0.00238504102270559
"lmtest","CLOS→CLOS",2,0.00159002734847039
"lmtest","PROM→VEC",2,0.00159002734847039
"lmtest","LANG→BUILTIN",1,0.000795013674235197
"mvtnorm","BCODE→STR",36539,16.1531184240774
"mvtnorm","BCODE→ENV",21726,9.60460469310888
"mvtnorm","BCODE→VEC",19234,8.50294424501777
"mvtnorm","LGL→LGL",17614,7.78677653799225
"mvtnorm","BCODE→LANG",17081,7.55114852080423
"mvtnorm","SYM→NA",14342,6.34029460133331
"mvtnorm","BCODE→NA",13657,6.03747060175771
"mvtnorm","STR→NA",12848,5.67982882707644
"mvtnorm","STR→STR",12299,5.43712754858446
"mvtnorm","LANG→ENV",10130,4.47825856306697
"mvtnorm","BCODE→REAL",6866,3.03531325706
"mvtnorm","LGL→NA",6051,2.67501900938975
"mvtnorm","BCODE→CLOS",5658,2.50128202861134
"mvtnorm","BCODE→SYM",5388,2.38192074410709
"mvtnorm","BCODE→INT",3300,1.45886014394087
"mvtnorm","INT→INT",2589,1.14454209474634
"mvtnorm","REAL→REAL",2366,1.04595851532245
"mvtnorm","LANG→NA",1843,0.8147512864494
"mvtnorm","LANG→STR",1831,0.809446340471433
"mvtnorm","PROM→NA",1591,0.703347420912097
"mvtnorm","BCODE→NIL",1472,0.650740039963926
"mvtnorm","LANG→REAL",1441,0.637035596187512
"mvtnorm","LANG→LANG",1363,0.602553447330728
"mvtnorm","LANG→SYM",1240,0.548177751056568
"mvtnorm","BCODE→LGL",1167,0.51590599635727
"mvtnorm","NIL→NIL",1000,0.442078831497233
"mvtnorm","VEC→NA",711,0.314318049194532
"mvtnorm","SYM→REAL",699,0.309013103216566
"mvtnorm","LANG→INT",583,0.257731958762887
"mvtnorm","LANG→LGL",515,0.227670598221075
"mvtnorm","NIL→NA",451,0.199377553005252
"mvtnorm","SYM→STR",408,0.180368163250871
"mvtnorm","SYM→SYM",385,0.170200350126435
"mvtnorm","BCODE→BUILTIN",233,0.103004367738855
"mvtnorm","PROM→STR",207,0.0915103181199271
"mvtnorm","SYM→VEC",189,0.083552899152977
"mvtnorm","LANG→CLOS",186,0.0822266626584853
"mvtnorm","REAL→NA",125,0.0552598539371541
"mvtnorm","BCODE→BCODE",123,0.0543756962741596
"mvtnorm","SYM→ENV",116,0.051281144453679
"mvtnorm","LANG→VEC",114,0.0503969867906845
"mvtnorm","PROM→INT",112,0.04951282912769
"mvtnorm","VEC→VEC",97,0.0428816466552316
"mvtnorm","SYM→INT",95,0.0419974889922371
"mvtnorm","SYM→CLOS",50,0.0221039415748616
"mvtnorm","INT→NA",45,0.0198935474173755
"mvtnorm","SYM→LANG",45,0.0198935474173755
"mvtnorm","LANG→NIL",25,0.0110519707874308
"mvtnorm","BCODE→LIST",22,0.00972573429293912
"mvtnorm","BCODE→EXPR",17,0.00751534013545295
"mvtnorm","CLOS→CLOS",8,0.00353663065197786
"mvtnorm","SYM→NIL",3,0.0013262364944917
"mvtnorm","PROM→NIL",2,0.000884157662994465
"mvtnorm","LANG→BUILTIN",1,0.000442078831497233
"mvtnorm","SYM→LGL",1,0.000442078831497233
"rivr","BCODE→STR",29025,24.9718233517736
"rivr","BCODE→ENV",19617,16.8775971986819
"rivr","STR→STR",16302,14.0255181492029
"rivr","LGL→LGL",7631,6.56537412566355
"rivr","LANG→NA",6285,5.40733539245124
"rivr","BCODE→VEC",4261,3.6659755142776
"rivr","BCODE→LGL",2829,2.43394619335633
"rivr","BCODE→CLOS",2472,2.12679921879705
"rivr","INT→INT",2310,1.98742160008948
"rivr","REAL→REAL",1991,1.7129681410295
"rivr","BCODE→NIL",1945,1.67339178016192
"rivr","BCODE→NA",1923,1.65446395539916
"rivr","NIL→NIL",1910,1.64327933167571
"rivr","BCODE→REAL",1654,1.42302827989091
"rivr","VEC→NA",1650,1.41958685720677
"rivr","BCODE→INT",1551,1.33441164577436
"rivr","PROM→NA",1507,1.29655599624885
"rivr","LANG→REAL",1282,1.10297597026611
"rivr","PROM→REAL",1240,1.06684103208266
"rivr","LGL→NA",1205,1.03672858359646
"rivr","SYM→NA",1198,1.03070609389922
"rivr","LANG→STR",1004,0.863797093718543
"rivr","STR→NA",767,0.659892799683389
"rivr","LANG→ENV",707,0.608271459421325
"rivr","BCODE→BUILTIN",479,0.41211036642548
"rivr","LANG→INT",414,0.356187247808244
"rivr","BCODE→LANG",335,0.288219149796526
"rivr","NIL→NA",310,0.266710258020666
"rivr","BCODE→SYM",292,0.251223855942046
"rivr","LANG→VEC",291,0.250363500271012
"rivr","LANG→CLOS",244,0.209926783732395
"rivr","SYM→STR",226,0.194440381653776
"rivr","LANG→LGL",162,0.139377618707574
"rivr","LANG→LANG",143,0.12303086095792
"rivr","SYM→SYM",111,0.095499479484819
"rivr","SYM→INT",104,0.0894769897875782
"rivr","SYM→ENV",102,0.0877562784455094
"rivr","PROM→STR",84,0.0722698763668901
"rivr","CLOS→CLOS",78,0.0671077423406836
"rivr","PROM→VEC",60,0.0516213402620643
"rivr","INT→NA",56,0.0481799175779267
"rivr","SYM→VEC",55,0.0473195619068923
"rivr","LANG→SYM",51,0.0438781392227547
"rivr","ENV→ENV",49,0.0421574278806859
"rivr","BCODE→S4",48,0.0412970722096515
"rivr","BCODE→SPECIAL",47,0.0404367165386171
"rivr","SYM→LANG",44,0.0378556495255138
"rivr","VEC→VEC",33,0.0283917371441354
"rivr","REAL→NA",25,0.0215088917758601
"rivr","PROM→LGL",20,0.0172071134206881
"rivr","SYM→REAL",16,0.0137656907365505
"rivr","LANG→S4",15,0.0129053350655161
"rivr","SYM→CLOS",13,0.0111846237234473
"rivr","PROM→CLOS",12,0.0103242680524129
"rivr","BCODE→EXPR",10,0.00860355671034406
"rivr","PROM→NIL",9,0.00774320103930965
"rivr","BCODE→LIST",8,0.00688284536827524
"rivr","SYM→LGL",8,0.00688284536827524
"rivr","PROM→INT",7,0.00602248969724084
"rivr","ENV→NA",3,0.00258106701310322
"rivr","PROM→LANG",1,0.000860355671034406
"stringr","BCODE→STR",13275,17.9598187106812
"stringr","BCODE→ENV",7394,10.0033822634107
"stringr","LGL→LGL",6496,8.78847324629642
"stringr","BCODE→LANG",6241,8.44348237840763
"stringr","BCODE→VEC",6146,8.314956368802
"stringr","BCODE→NA",5377,7.27457214367855
"stringr","SYM→NA",4511,6.10295609822093
"stringr","STR→NA",4223,5.71331935331124
"stringr","STR→STR",3718,5.030102144355
"stringr","LANG→ENV",3485,4.71487519448015
"stringr","BCODE→SYM",2042,2.76263275383887
"stringr","LGL→NA",1846,2.49746330244199
"stringr","BCODE→CLOS",1374,1.85889197050666
"stringr","BCODE→REAL",957,1.29473043360617
"stringr","LANG→NA",956,1.2933775282419
"stringr","BCODE→INT",810,1.09585334505851
"stringr","SYM→STR",639,0.864506527768383
"stringr","PROM→NA",602,0.814449029290401
"stringr","LANG→LANG",513,0.694040451870392
"stringr","REAL→REAL",508,0.687275925049043
"stringr","INT→INT",495,0.669688155313536
"stringr","LANG→SYM",450,0.608807413921396
"stringr","BCODE→NIL",359,0.485693025772847
"stringr","BCODE→LGL",337,0.455929107758912
"stringr","NIL→NIL",318,0.430223905837787
"stringr","LANG→STR",190,0.257052019211256
"stringr","SYM→ENV",62,0.0838801325847257
"stringr","LANG→CLOS",61,0.0825272272204559
"stringr","LANG→NIL",60,0.0811743218561862
"stringr","SYM→LGL",60,0.0811743218561862
"stringr","LANG→VEC",48,0.0649394574849489
"stringr","BCODE→BCODE",45,0.0608807413921396
"stringr","LANG→INT",42,0.0568220252993303
"stringr","SYM→CLOS",41,0.0554691199350605
"stringr","SYM→SYM",38,0.0514104038422512
"stringr","SYM→VEC",38,0.0514104038422512
"stringr","SYM→REAL",30,0.0405871609280931
"stringr","BCODE→BUILTIN",21,0.0284110126496652
"stringr","BCODE→LIST",16,0.0216464858283163
"stringr","LANG→LGL",16,0.0216464858283163
"stringr","SYM→INT",15,0.0202935804640465
"stringr","NIL→NA",14,0.0189406750997768
"stringr","LANG→REAL",10,0.0135290536426977
"stringr","SYM→LANG",10,0.0135290536426977
"stringr","CLOS→CLOS",5,0.00676452682134885
"stringr","VEC→NA",4,0.00541162145707908
"stringr","INT→NA",3,0.00405871609280931
"stringr","PROM→LANG",3,0.00405871609280931
"stringr","PROM→STR",3,0.00405871609280931
"stringr","SYM→NIL",3,0.00405871609280931
"stringr","REAL→NA",2,0.00270581072853954
"stringr","BCODE→EXPR",1,0.00135290536426977
"stringr","BCODE→SPECIAL",1,0.00135290536426977
"stringr","VEC→VEC",1,0.00135290536426977
"tm","BCODE→STR",73864,24.5449983883456
"tm","BCODE→ENV",36126,12.0046654903251
"tm","LGL→LGL",24705,8.20946855280079
"tm","STR→STR",23936,7.95392994453915
"tm","BCODE→CLOS",18156,6.03323663406805
"tm","LANG→NA",16376,5.44174284641432
"tm","BCODE→LGL",14651,4.86852555219933
"tm","INT→INT",10935,3.63369919550199
"tm","BCODE→NA",8363,2.77902390233042
"tm","REAL→REAL",8111,2.69528433239292
"tm","BCODE→VEC",6802,2.26030378855094
"tm","LANG→ENV",6026,2.00243908112437
"tm","LGL→NA",5725,1.90241681703236
"tm","SYM→NA",5640,1.87417132717249
"tm","LANG→INT",5516,1.83296614196516
"tm","NIL→NIL",4991,1.65850870459538
"tm","BCODE→REAL",4948,1.64421980972509
"tm","LANG→STR",3346,1.11187540083673
"tm","STR→NA",3346,1.11187540083673
"tm","BCODE→INT",3192,1.06070121920826
"tm","LANG→CLOS",2819,0.936753363705542
"tm","LANG→LANG",2559,0.850355394722413
"tm","BCODE→EXTPTR",1631,0.541981105428783
"tm","BCODE→LANG",1492,0.49579142201088
"tm","PROM→NA",1244,0.413381051596202
"tm","BCODE→NIL",1093,0.363203769609847
"tm","VEC→NA",610,0.202702927229649
"tm","BCODE→BUILTIN",569,0.189078632120771
"tm","SYM→EXTPTR",512,0.170137538920624
"tm","SYM→INT",509,0.169140639278511
"tm","LANG→VEC",500,0.166149940352171
"tm","CLOS→CLOS",311,0.103345262899051
"tm","ENV→ENV",303,0.100686863853416
"tm","BCODE→S4",230,0.0764289725619988
"tm","NIL→NA",230,0.0764289725619988
"tm","LANG→LGL",212,0.0704475747093207
"tm","SYM→STR",191,0.0634692772145295
"tm","SYM→LGL",172,0.057155579481147
"tm","INT→NA",162,0.0538325806741035
"tm","LANG→EXTPTR",137,0.045525083656495
"tm","LANG→NIL",88,0.0292423895019822
"tm","LANG→S4",81,0.0269162903370518
"tm","BCODE→SPECIAL",72,0.0239255914107127
"tm","SYM→CLOS",71,0.0235932915300083
"tm","BCODE→SYM",67,0.022264092007191
"tm","SYM→SYM",64,0.0212671923650779
"tm","LANG→REAL",51,0.0169472939159215
"tm","SYM→VEC",47,0.0156180943931041
"tm","PROM→STR",42,0.0139565949895824
"tm","SYM→ENV",26,0.00863979689831291
"tm","VEC→VEC",23,0.00764289725619989
"tm","REAL→NA",17,0.00564909797197383
"tm","PROM→INT",13,0.00431989844915646
"tm","BCODE→EXPR",6,0.00199379928422606
"tm","LANG→SYM",6,0.00199379928422606
"tm","BCODE→LIST",5,0.00166149940352171
"tm","SYM→LANG",4,0.00132919952281737
"tm","PROM→VEC",3,0.000996899642113028
"tm","PROM→CLOS",2,0.000664599761408686
"tm","SYM→REAL",2,0.000664599761408686
"tm","PROM→LANG",1,0.000332299880704343
"tm","PROM→REAL",1,0.000332299880704343
